{
  "project_info": {
    "project_number": "1000602826530",
    "project_id": "fooddeliveryapp-b75a0",
    "storage_bucket": "fooddeliveryapp-b75a0.firebasestorage.app"
  },
  "client": [
    {
      "client_info": {
        "mobilesdk_app_id": "1:1000602826530:android:96958b65adb4eb27a0177b",
        "android_client_info": {
          "package_name": "com.example.food_delivery_app"
        }
      },
      "oauth_client": [],
      "api_key": [
        {
          "current_key": "AIzaSyDCSiTSVy3c6K3ftJhuedqvxfeu4fU1JCI"
        }
      ],
      "services": {
        "appinvite_service": {
          "other_platform_oauth_client": []
        }
      }
    }
  ],
  "configuration_version": "1"
}