{"flutter":{"platforms":{"android":{"default":{"projectId":"fooddeliveryapp-b75a0","appId":"1:1000602826530:android:96958b65adb4eb27a0177b","fileOutput":"android/app/google-services.json"}},"dart":{"lib/firebase_options.dart":{"projectId":"fooddeliveryapp-b75a0","configurations":{"android":"1:1000602826530:android:96958b65adb4eb27a0177b","ios":"1:1000602826530:ios:078325f17cbcd897a0177b","macos":"1:1000602826530:ios:078325f17cbcd897a0177b","web":"1:1000602826530:web:c1097a709d3d3460a0177b","windows":"1:1000602826530:web:4b7f54cc213e7392a0177b"}}}}}}